{"cameraMode":{"drawMode":0,"name":"Shaded","section":"Shading Mode"},"sceneLighting":true,"audioPlay":false,"sceneViewState":{"showFog":true,"showMaterialUpdate":false,"showSkybox":true,"showFlares":true,"showImageEffects":true,"showParticleSystems":true},"in2DMode":false,"pivot":{"x":-0.255148708820343,"y":6.269442558288574,"z":-2.861846923828125},"rotation":{"x":0.23580946028232575,"y":-0.07715916633605957,"z":0.01880841702222824,"w":0.9686104655265808},"size":5.501716136932373,"orthographic":false}